{
  "xrange": [
    -3.0,
    3.0
  ],
  "yrange": [
    -3.0,
    3.0
  ],
  "params": [
    0.05,
    0.05,
    0.013000000000000001,
    1.0000000000000002
  ],
  "x0": [
    -1.4971994257511838,
    0.1212156214131182,
    0.5691178930011229
  ],
  "dparams": [
    0.001,
    0.001,
    0.001,
    -0.001
  ],
  "btype": "NS",
  "eps": 0.00001,
  "errors": 1.0e-08,
  "explosion": 100,
  "period": 1,
  "tick": 0.001,
  "ite_max": 10,
  "extrap": 2,
  "variable_param": 2,
  "increment_param": 3
}